Row,amygdala,angular gyrus,caudate,cerebellar cortex,cingulate gyrus frontal part,cingulate gyrus parietal part,cingulate gyrus retrosplenial part,claustrum,cuneus,dentate nucleus,epithalamus,fastigial nucleus,frontal operculum,frontal pole,fusiform gyrus,globus pallidus,gyrus rectus,hippocampus,inferior frontal gyrus,inferior temporal gyrus,insula,interposed nucleus,lingual gyrus,medial frontal gyrus,middle temporal gyrus,myelencephalon,nucleus accumbens,occipital pole,occipito-temporal gyrus,orbital gyrus,paracentral lobule,parahippocampal gyrus,parolfactory gyri,planum polare,planum temporale,pontine tegmentum,postcentral gyrus,precentral gyrus,precuneus,putamen,red nucleus,subcallosal cingulate gyrus,substantia nigra,subthalamic nucleus,superior frontal gyrus,superior parietal lobule,superior temporal gyrus,supramarginal gyrus,temporal pole,thalamus,transverse gyri
amygdala,0.010713557001465734,0.0,0.0004425786267051352,4.829922652238669e-05,0.0,0.0,0.0,0.0,0.0,0.0003528800631635599,0.010901825415052996,0.0,0.0,0.008232553875815788,0.09588677872744353,1.9713970009137423e-06,0.02977203750779934,0.005334600284472587,0.0871268761538833,0.0371115485422012,0.0,0.00011729812155436767,0.0,0.023658735407965824,0.0019280262668936402,0.014839690924378196,0.0013888491871437317,0.0,0.0,0.018674058091155427,0.0,0.011229077317204678,0.0,0.03997894548003024,0.0,0.010219722052736841,0.0,0.0,0.0,1.0842683505025584e-05,9.856985004568712e-07,0.0,6.899889503198099e-05,1.1828382005482456e-05,0.02275583558154733,0.0,0.03612585004174433,0.0,0.04383302661681661,0.030138717349969295,0.0
angular gyrus,0.0,0.051921229255524455,0.0,0.0,0.0,0.0,0.0,0.0,0.031633525401575366,0.0,0.0,0.0,0.0002502299172185361,0.004965944370101454,0.07845686575552185,0.0,0.001693663663109703,4.1329477042003566e-05,0.038683686431638296,0.052964464112988455,2.1122390311075076e-06,0.0,8.800995962947948e-06,0.07072240968734779,0.027606260056898087,0.0,0.0,0.11641887051819842,0.0,0.09745223136227167,0.011195782168449936,0.0006817603512737999,0.0,0.00765186752205776,0.00040970396406715285,0.0,0.03165690084685295,0.00429805438846526,0.013820450388504124,6.843654460788324e-05,0.0,0.0,0.0,0.0,0.0019181242641487276,0.020719656735810575,0.0139437347399531,0.03602613769066654,0.0161579949162631,0.0019512160089694118,0.001715842172936332
caudate,0.0,0.0,0.01999350771850691,0.0,0.0,0.0,0.0,0.0,0.0,0.0,0.00045887853485182474,0.0,0.0,0.024233035515499046,0.278967557287586,8.242818126042036e-05,0.050693331475158525,0.0,0.042485354126762645,0.081032850604445,0.0,0.0,0.0,0.03918737710128129,0.002151630463416334,0.0,0.002688688304205877,0.0,0.0,0.04713192417966964,0.0008319297881850674,0.010758152317081668,0.00047587403614263304,0.07653839028809074,0.0,0.0,0.009751168865601276,0.0006679232007287671,0.06374417691637024,0.0005319591904023005,0.0,0.0002991208227182265,0.0,0.0,0.13530883375170594,0.08191236779624433,0.0713377668931034,0.0,0.10693144524644327,0.07483289173355813,0.0
cerebellar cortex,0.0,0.0,0.0,0.39445652628219396,0.0,0.0,0.0,0.0,0.0,0.006953703562851492,5.665376794079061e-05,1.2878541617405999e-05,0.0,0.0,0.0,0.0,0.0,0.0,0.0,0.0,0.0,0.001907825973684945,0.0,0.0,0.0,0.01679751727711003,0.0,0.0,1.9760881518450948e-05,0.0,0.0010190884503259734,0.0,0.0,0.0,0.0,0.004730678236874484,0.00018496657708301918,0.0013313930845480688,0.0013314226224875583,0.0,0.000827416760978846,0.0,3.8103941941407657e-06,7.697587030954135e-05,0.00017663687814699054,0.0016571670191773595,0.0,0.0,0.0,0.0009118066541002426,0.0
cingulate gyrus frontal part,0.0,0.0,0.0196931054184355,0.0,0.0,0.0,0.03657716797489378,0.0,0.05475570131152863,0.0,0.0,0.0,0.0,6.0527857946619935e-05,0.0,0.0,0.4464067086876735,0.0023571473770803014,0.0,0.0,0.0,0.0,0.0,0.00020909623654286885,0.0,0.0,0.006235057185069428,0.0,0.0,0.1050236287918181,0.0,0.03105285457631875,0.0,0.0,0.0,0.0,0.0,0.0,0.25562037844584634,0.0,0.0,0.06736819371115556,0.0,0.0,0.0015258064190710441,0.22042136560018416,0.0,0.0,0.0,0.0,0.0
cingulate gyrus parietal part,0.0,0.0,0.007267887714423588,0.0,0.00010142954181509701,0.002263415593716286,0.003230684587934802,0.0,0.05102520677795229,0.0,0.0,0.0,0.0,0.003570319871891415,0.0,0.0,0.337882704418947,0.0010533304236373863,0.002174280541818171,0.0,0.0,0.0,0.0,0.01234489732564108,0.0,0.0,0.002076539346978168,0.0,0.0,0.0751230217397318,0.0,0.013876483407049046,0.0,0.0,0.0,0.0,0.0,1.1679765421132385e-05,0.4085468220280376,0.0,0.0,0.04601397268779065,0.0,0.0,0.04844397861988203,0.32572652751353165,0.0,0.0,0.0,0.0,0.0
cingulate gyrus retrosplenial part,0.0,2.2010059917986114e-07,0.003115303880791755,0.0,7.945631630392987e-05,0.0,0.002860207286342296,0.0,0.0028331349126431726,0.0,0.0,0.0,0.0,0.0038693685335819588,3.081408388518056e-06,0.0,0.3541544098145498,0.02420292218761507,0.005248738988642148,0.0,0.0,0.0,0.0008381430816769113,0.011684480508661289,0.0,0.00010168647682109585,0.0008900868230833585,0.002230059270890353,0.0,0.07145565952374192,2.487136770732431e-05,0.3188471922977116,0.0,0.0,0.0,6.338897256380001e-05,8.583923368014584e-06,5.612565279086459e-05,0.006120337361394399,0.0,0.0,0.037692227609551224,0.0,0.0,0.03927585142065032,0.0044015717823988635,0.0,0.0,0.0,0.0,0.0
claustrum,0.00020417615135290832,0.0020106794783855335,6.216407028709954e-06,0.0,0.0,0.0,1.351392832328251e-06,1.9305611890403587e-07,0.01705287865013617,0.0,0.0,0.0,4.440290734792825e-06,0.00018378942519664215,0.012792786496728374,3.243342797587802e-05,0.0008758570002438299,0.00010058223794900269,0.30359846952831177,0.0054034477120050595,0.0002779621999980308,0.0,0.03911077579408326,0.002088905817765449,0.0020543487724816265,5.629516427241686e-05,1.4363375246460267e-05,0.07214657747216566,0.014294261155892623,0.13132144403660267,7.258910070791749e-05,0.0011532400318851486,0.0,0.007566255412086973,0.00018460026089603908,2.3398401611169144e-05,0.001327376651136589,0.0005905972789512265,0.024336461292923856,0.0001480740431993955,0.0,0.0,0.0,0.0,0.004061398795831764,0.024397737305063998,0.01907344260180959,0.0003859964041367293,0.006410312594537168,0.0016187755570103407,0.0081530301798839
cuneus,0.0,0.0012503856820468345,0.0024830376428844445,0.0,1.541144819373077e-05,0.0,6.428473938343863e-05,0.0,0.11350705765158875,0.0,0.0,0.0,0.0,0.0005918101664256956,0.009472076619809179,0.0,0.09019265049147214,0.002083765021016043,0.04254193048655736,0.005935360375076648,1.5833679651093258e-06,0.0,0.00023935245739235974,0.004052313633104297,0.0023380539162126007,0.0,0.0007089266169116155,0.07415049405830615,0.0,0.10664574369051616,0.0,0.02442007301015245,0.0,0.002992934906581818,0.0003071206062990389,0.0,4.512598700561579e-05,0.00021185463373162778,0.10037180646556697,5.130112206954215e-05,0.0,0.011955114262693623,0.0,0.0,0.006350308339799632,0.06273799999725549,0.006693107504245802,0.0003250654432369446,0.0028718072572509546,0.0017863557382363413,0.001568484306237298
dentate nucleus,0.0,1.856635912653171e-06,0.0,0.10700802310397729,0.0,0.0,0.0,0.0,0.0011731618173077224,0.2363908297503161,5.8484031248574886e-05,0.0,0.0,0.0,0.0,2.2047551462756404e-06,0.0,2.181547197367476e-05,0.0,0.0,0.0,0.07652728320671656,0.0,0.0,0.0,0.025024783188440307,0.0,0.0011605134851527727,0.0,0.00022291234926292134,0.002536744855406936,9.283179563265855e-07,0.0,0.0,0.0,0.006832652238052751,0.00128560432976778,0.004156427609707746,0.020920573463775932,1.856635912653171e-06,0.013188149046553637,0.0,0.00014493364093148817,0.0013389826122565587,0.004398486516819903,0.034261778933378916,0.0,0.0,0.0,0.01518182789750952,0.0
epithalamus,0.0,0.0,0.0,0.0,0.0,0.0,0.0,0.0,0.0012473774671374433,0.0,0.025777729616485612,0.0,0.0,0.010440766125755153,0.030194120108242503,3.612096912560164e-06,0.03268917605059344,0.00014628992495868665,0.03595631770800411,0.00903475740254111,0.0,0.0,0.0,0.03021338462510949,0.00022876613779547705,0.0,0.0,0.011647206494550248,0.0,0.06897810768262913,0.0,0.002459536989377425,0.0,0.009336367494739884,0.0,0.0,0.0,0.0,0.0017199601465307313,0.0,0.00010595484276843148,0.00019866533019080902,0.00011679113350611197,0.00010836290737680492,0.05698323686024496,0.0014701234434119866,0.00887793219492079,0.0,0.012332300875632493,0.25814693408224143,0.0
fastigial nucleus,0.0,0.0,0.0,0.06180217665552673,0.0,0.0,0.0,0.0,0.0,0.30101878568108725,9.668329697031823e-05,0.0001997733184386696,0.0,0.0,0.0,0.0,0.0,0.0,0.0,0.0,0.0,0.09636179588641693,0.0,0.0,0.0,0.02112413552901489,0.0,0.0,0.0,0.0006290238598068897,0.0018066963084453441,0.0,0.0,0.0,0.0,0.005575597601788292,0.0015376138795279526,0.003254616045000833,0.003708911054861364,0.0,0.054547434805753935,0.0,0.0002504446849231135,0.005650148577765405,0.0002679175699177493,0.004221449014704015,0.0,0.0,0.0,0.05178788383560112,0.0
frontal operculum,0.0,0.00160447970552972,0.0,0.0,0.0,0.0,0.0,0.0,1.0057662613899498e-05,0.0,0.0,0.0,0.0430650466898735,0.06726677763621083,0.11611113807594316,0.0,0.0,0.0,0.04928723661707919,0.23224832436798185,0.0001561197854056422,0.0,0.0,0.15158801734596478,0.18866536455721508,0.0,0.0,0.0,0.0,0.0034885398302368256,0.00044378023690767784,0.0,0.0,0.003548038250081973,0.001919657469913604,0.0,0.005665571756365667,0.176985875594963,0.00042061371066217897,2.0906377343498956e-05,0.0,0.0,0.0,0.0,0.06939657245028788,0.0004466619267577277,0.0077548534013743625,0.01576764629618946,0.005676589982262916,0.0,0.00019578539863574022
frontal pole,0.00017632250014741775,0.0034419063667471828,0.00017205371577782498,0.0,0.0,0.0,2.445506977834518e-05,0.0,0.0012991936700439504,0.0,6.348912346301153e-05,0.0,0.0028452894868885013,0.09903688265871467,0.06745196622740393,1.1467835975939974e-05,0.12114343368714803,0.0004967345608379552,0.01682052981402209,0.07400038997877546,0.00023970309519425322,0.0,0.05241151949550204,0.1494952886005731,0.06455512574283179,0.0,7.850222103403705e-05,0.03757843439077393,0.03719717406474733,0.06344310741455286,2.315272878423212e-06,0.00783683693207532,0.0003929090426961642,0.010055989809905243,0.0001489371631323182,0.0,0.00018637946671306858,0.034655221501071,0.004336469925147951,0.00010444051250012209,0.0,6.005239028410207e-06,0.0,0.0,0.17064859837359317,0.003328530347981896,0.01343639674081931,0.001384424652880905,0.012827009683990575,0.021312340078856747,0.0
fusiform gyrus,0.00016957265166024795,0.003634092221487779,0.00010327847398768846,5.828669588125391e-07,0.0,0.0,4.857224656771158e-07,6.938892366815941e-08,0.0019518826672158568,2.9809481607841283e-05,0.00030149487333815263,0.0,0.005466653695563869,0.01708693918657585,0.13520834232498136,1.1657339176250781e-05,0.015727055060527264,0.0009395260264668784,0.1251243969929061,0.1511670037349282,0.0003674143508229041,9.908738299813164e-06,0.09726785276392043,0.04422015939745989,0.09739955294104259,0.0,3.429200607680438e-05,0.09754593581441294,0.055369155318917736,0.05817052494524867,3.483323968141602e-06,0.0038031791506823497,0.00021301011787651575,0.031115131351150835,0.0041934779685310125,0.0,0.0018449543358432232,0.013382458840919093,0.0025615198727795717,0.00025100749247719984,0.0,0.0,0.0,0.0,0.029598872346723683,0.0029677920208566453,0.0434348294371684,0.01499453007114724,0.044530827486506976,0.001776356445904881,8.008869569778959e-05
globus pallidus,0.0,0.0,0.0,0.0,0.0,0.0,0.0,0.0,0.0,0.0,0.0004113199582185516,0.0,0.0,0.0,0.036888905726547995,0.0,0.0,0.0,0.05157194581400761,0.010131460023488534,0.0,0.0,0.0,5.4121047134019946e-05,0.003117372314919549,0.14908183643537135,0.0,0.0,0.0,0.06828452516899297,0.08905077095431642,0.0,0.0,0.0,0.0,0.08695628643022985,0.004216029571740154,0.09261193585573493,0.0,0.0,5.412104713401995e-06,0.0,0.0,0.0,0.19518214438412954,0.0,0.003377153341162845,0.0,0.0006927494033154554,0.005141499477731895,0.0
gyrus rectus,0.00019580158654723386,0.0006541717347835773,0.004579523524833498,0.0,0.0,9.886493731898697e-05,0.008151717385598082,0.0,0.02091963594242228,0.0,0.00022532849793669156,0.0,0.0,0.05315856401350027,0.02075520921001813,1.3377498629509413e-05,0.32303734619994273,0.004010196466042486,0.0009574753823895716,0.008208923265623372,0.0002625685616891097,0.0,0.0579991295386177,0.10307137727093083,0.004049887062576886,0.0,0.0015050690274912015,0.04077308926133952,0.041771018520966076,0.11397753367614546,0.0,0.05371375029295918,0.0005796514346101841,0.008576262146909359,0.00016539087644952026,0.0,0.0,3.0531228103384845e-06,0.08930846205928474,0.0001921458737085391,0.0,0.024738931887481497,0.0,0.0,0.12714006835620592,0.06934573908189223,0.012558940334990241,0.0004148631481890201,0.010127288707229867,0.019590282167199772,0.0
hippocampus,0.0020382548247637232,0.0,0.0,0.0,0.0,0.0,0.0,0.0,0.003704617541149504,0.0,0.0,0.0,0.0,0.0,0.33511770027641596,0.0,0.003683162227204623,0.016729781048521193,0.004655803126039242,0.09382945170945214,0.0,0.0,0.0001698545687303103,0.0,0.004108692620444769,0.0,0.0,0.0,0.0,0.013447118014954355,0.0,0.016903211502908983,0.0,0.09167676854364905,0.0,0.0,0.0,0.0,0.0014589613482519283,0.0,0.0,0.00031467793785825907,0.0,0.0,0.11391698939034725,0.0,0.09206475213748565,0.0,0.11549931879378225,0.007192894000021455,0.0
inferior frontal gyrus,0.00012180726922765552,0.001813397001990845,7.46790792987357e-05,2.219289132206113e-07,0.0,0.0,5.548222830515283e-07,7.926032615021833e-08,0.007015363171686284,1.1350078704711264e-05,0.00014835947848797866,0.0,0.003554587846858841,0.02681866662477494,0.04930387002967808,1.891151381944209e-05,0.019006435986039592,6.974908701219212e-06,0.17651103431349136,0.06669593169269003,0.00025058944715653024,3.7727915247503923e-06,0.071709813108431,0.041352489962353405,0.04579374722578951,0.0,3.3035703939411e-05,0.07865376272625593,0.0400715479793745,0.09614653255967434,0.0033801675731326706,0.0012113831207494767,4.026424568431091e-06,0.008735851219363842,0.0011471188483068797,0.0,0.007143812456245327,0.03193629980744655,0.007059606285743336,5.44201399347399e-05,1.0414806856138687e-05,0.0,7.672399571341133e-06,6.245713700637204e-06,0.07213303154594271,0.007486898704019163,0.010496112098703582,0.0011499405159178275,0.011959194311175692,0.0211661530571112,7.402914462430391e-06
inferior temporal gyrus,1.6986918078962728e-06,0.006124768716340207,0.00017828878366354795,0.0,0.0,0.0,0.0,0.0,0.0019301077933198232,0.0,0.00024116499927756362,0.0,0.00868312167264126,0.02706232694731074,0.2208189550765688,0.0,0.019266143966888017,0.0011863515874016449,0.03139802852783022,0.2637377822514919,5.514593695199495e-05,0.0,0.10146837627933958,0.06965626084993232,0.16831256362554797,0.0,5.0936135515034613e-05,0.07780948915339736,0.07064214218528035,0.031979325788236694,6.1792991852458625e-06,0.003290169082120252,0.0003758047890947334,0.04748331053762783,0.005432096358268184,0.0,0.003249474334896302,0.02198914693494574,0.0022619189264622285,0.00015504871023377863,0.0,0.0,0.0,0.0,0.03696562633118045,0.002187595005186303,0.058042354196789214,0.02111203111274678,0.06925874234816275,0.0019508121383986748,0.0
insula,0.00018349251149559764,0.0008515292305355332,2.301091894715309e-05,0.0,0.0,0.0,0.0,1.5653686358607546e-07,0.001557854866408623,0.0,0.0,0.0,9.639540059630526e-05,0.0069919381636810805,0.009091504500215676,2.6298193082460676e-05,0.023784993737586236,5.134409125623275e-06,0.25839922022100625,0.004322702873184039,0.0012205805401260647,0.0,0.12647442854496044,0.022245171917862728,0.0027910522777397253,0.0,2.4576287583013846e-05,0.11337053984993374,0.0794475613716862,0.08095498006064739,0.006761046289891619,0.0009027480923008972,8.3402840918661e-05,0.0068104180166666676,0.0001836177409864665,0.0,0.013692248150501303,0.015474827338274096,0.010889956525956097,0.00031855251739766355,0.0,0.0,0.0,0.0,0.059757728522375285,0.013098472519546602,0.009823063878498841,0.0010486717565358367,0.007488786168703285,0.0,0.0006206060493733548
interposed nucleus,0.0,2.891781755062109e-06,0.0,0.02527760653007697,0.0,0.0,0.0,0.0,0.0018272445964798703,0.3726091516578675,9.109112528445643e-05,0.0,0.0,0.0,0.0,3.4339908341362546e-06,0.0,3.3978435621979785e-05,0.0,0.0,0.0,0.12116059491903101,0.0,0.0,0.0,0.005124237269970058,0.0,0.0018075443332735096,0.0,0.0003471945469671445,0.003951077559213298,1.4458908775310545e-06,0.0,0.0,0.0,0.0011247223663594691,0.002002378129020819,0.0064737956677856055,0.03267948340487782,2.891781755062109e-06,0.02247456632762333,0.0,0.00022537824053515314,0.0022411308601731346,0.006476687449540668,0.05349235964149859,0.0,0.0,0.0,0.02546629528959477,0.0
lingual gyrus,9.434508212545717e-05,0.0024526081696653705,1.4246653349338807e-05,0.0,0.0,0.0,8.813166944207766e-06,1.2998771304141248e-07,0.01265934738784751,0.0,7.804462291006405e-05,0.0,4.8615404677488266e-06,0.004966128581661947,0.06074871778819979,2.1837935790957295e-05,0.014907744860324822,0.0009067942861768934,0.18396456493346422,0.036180858040574575,0.0005129315156614136,0.0,0.18235081947114032,0.018935492141540812,0.015308626967344538,0.0,1.5026579627587282e-05,0.18335440260844785,0.10156423574218071,0.0879171377204741,1.1698894173727123e-06,0.009372114110285839,3.4810709552490264e-05,0.01676313748119273,1.5858500991052323e-06,0.0,0.0009952379261302705,0.0015508054116692674,0.007641613684108124,0.0003328205404712325,0.0,3.889232374199061e-05,0.0,0.0,0.02292785676726693,0.0020924122168276167,0.029051369948307006,0.0001681261080477629,0.026738758545587236,0.0007642497600556806,0.0006711265624328126
medial frontal gyrus,6.525078356833187e-05,0.004523643776721244,7.638920210112878e-05,0.00027728236135972297,0.0,0.0,9.049965057897486e-06,0.0,0.0007391652673693697,0.0005643643890247432,5.338943883268517e-05,0.0,0.004548839093642786,0.03586625656401931,0.051061348709063314,4.297394650273806e-06,0.04394229276393309,0.0002149232826027903,0.04105093602811305,0.0799092101079381,0.00016306002130945472,0.00018161512718259956,0.031648276695880787,0.09827091983429835,0.05935718124968799,0.016949714364494117,2.905092333674193e-05,0.027395141194248115,0.01987808759940453,0.02362486684603001,0.002922830800688563,0.003636492838124065,7.16232441712301e-06,0.006513123299441616,0.0016085643514299032,0.010901673588885871,0.008125677132509468,0.038167196792467474,0.0038859960907631705,4.507578749991248e-05,5.3416213877235165e-06,2.2223286976493826e-06,3.2397803905491002e-06,1.4592399279745947e-06,0.16011141952838678,0.003966615749903198,0.009708912291795078,0.0042214472364077524,0.009029575861472667,0.011279924643243617,8.586756787182615e-05
middle temporal gyrus,6.750868453287542e-05,0.004866261970296855,1.3809875628072204e-05,0.0,0.0,0.0,0.0,9.394473216375649e-08,0.001985409180602397,0.0,4.156114950924587e-05,0.0,0.00725320972511358,0.018434812370386803,0.08913741111841918,1.5782715003511092e-05,0.007136192166730405,3.081387214971213e-06,0.15568778422743854,0.1713933706058432,0.00035306309241782966,0.0,0.09532444207820628,0.04947901821441803,0.1245742095931776,0.0,1.474932294970977e-05,0.1139332588815068,0.04998312564720875,0.053538557980678275,8.455025894738084e-07,7.2450177444689e-05,3.2673977846554505e-05,0.021597856346554752,0.004806156130658484,0.0,0.0024963745788410684,0.01808362817261225,0.0026180517959395657,0.00020944038588587873,0.0,0.0,0.0,0.0,0.014058547334109668,0.003229406534968428,0.03617821030099479,0.018116790663066054,0.030569108544532677,0.0004229016063083662,0.0004850366521614748
myelencephalon,6.509344807268634e-08,0.0005810566642208346,1.5866527967717295e-05,0.03531519720296057,0.0,0.0,0.0,0.0,0.0027723787735017655,0.002317733585438088,3.6842891609140466e-05,4.328714296833641e-06,1.4971493056717857e-06,0.0013524953906922585,0.0008577038185297515,5.85841032654177e-07,0.00042437673470987857,9.406003246503177e-05,0.004149235387135227,0.00028427936109543943,0.0,0.0007349375754646651,0.000908964908886992,0.002715210452731929,3.9479176256084265e-05,0.2365803306769945,0.0,0.007494534143848742,0.00026872202700606735,0.003760546135331199,0.027459931443255023,3.7672833072067216e-05,0.0,0.00017720063901587038,0.0,0.11362691140197503,0.00924611746467464,0.04467602559650131,0.020101963353462777,5.5492164481965105e-06,0.0009565644927901439,0.0,0.00029285542287901584,3.83725876388486e-05,0.04503234713125119,0.03161076161986803,0.00017905580228594196,0.00012702986391384738,0.0002519116440412961,0.00480329435336958,0.0
nucleus accumbens,0.0,0.0,0.09008712099501347,0.0,0.0,0.0,0.01695133833896945,0.0,0.0,0.0,0.0,0.0,0.0,0.134292428497736,0.0,0.0,0.3559207886742706,0.0,0.0,0.0,0.0,0.0,0.0,0.02195219808563077,0.0,0.0,0.057330773198830745,0.0,0.0,0.22412162549435433,0.0,0.0,0.014257465466842437,0.0,0.0,0.0,0.0,0.0,0.0,0.0,0.0,0.008382529947842035,0.0,0.0,0.0,0.0,0.0,0.0,0.0,0.0,0.0
occipital pole,3.2883644338781773e-06,0.0037777117482796487,7.485864917122674e-06,0.0,0.0,0.0,0.0,4.062097241849513e-06,0.03621688527552229,0.0,4.278742428081487e-05,0.0,3.617200877265995e-06,0.003009472443244909,0.034785228117612726,0.0,0.00881457692493165,2.717736487999317e-05,0.06623491344338123,0.021104413443506952,0.0003712950312252448,0.0,0.10624608769259394,0.01091812430996332,0.009146953195915937,0.0,3.98472396105238e-06,0.3905294485318062,0.05907920031541992,0.0658520511066768,8.704494089677528e-07,0.0004512990035694809,1.5919552524010236e-05,0.011312553952146908,0.0001131197365254093,0.0,0.0006139956697656535,0.0002666863555875202,0.00016290944271836477,0.0002513664459896877,0.0,0.0,0.0,0.0,0.016187631598652105,6.365886677584166e-05,0.020482506355779792,0.00012578961125593992,0.016690248430710285,0.0010178068222458938,0.0008715132915787134
occipito-temporal gyrus,0.00011713178755953903,0.0015709990344131837,1.7687577730126036e-05,0.0,0.0,0.0,1.0619001958415085e-05,1.6138300848655143e-07,0.003990098055024893,0.0,9.689435829532548e-05,0.0,6.035724517397023e-06,0.006126518597971558,0.0687768872161289,2.711234542574064e-05,0.01843481333602047,0.0006385280113778894,0.1922355987935781,0.04143615255677809,0.0006069937715196173,0.0,0.20826235170676732,0.023231503667461146,0.016549278818066997,4.7059285274678396e-05,1.8655875781045347e-05,0.17286308562504737,0.12583623833507476,0.08062078620895691,1.452447076378963e-06,0.006459161255064037,4.321836967269848e-05,0.012358162087671255,0.0,1.9559620628570034e-05,0.0012355160363713405,0.001636262323045145,0.003076315184372341,0.00036905066380704584,0.0,5.6806818987266105e-05,0.0,0.0,0.028119794994518787,0.002563052664181713,0.01876164620480743,5.4482903665059765e-05,0.0242760390515895,0.00031043635512473033,0.0
orbital gyrus,0.00027019383732827004,0.002877216430314402,0.003912572876482021,0.0,0.0,1.459091616699326e-06,0.003864497678342056,0.0,0.026034534304160518,0.0,0.0004553114096213025,0.0,5.200352172338624e-05,0.03256344551241221,0.017205757994540678,3.423253408409957e-05,0.14868974134009483,0.0005963943451744604,0.07623054081530074,0.015746591552630237,0.00022297912911610214,0.0,0.10023772343696588,0.05889791667531833,0.007604112079336872,0.0,0.001247074381011247,0.09779471770673898,0.06397136528960967,0.27990633679373744,0.0,0.008239340709078868,0.0009738501226329091,0.0053321567817137955,5.626855875681503e-05,0.0,1.309441194473754e-06,0.0006470510130978165,0.05386405059770566,0.00023876724866089998,1.7209798555940767e-06,0.01282268419058146,1.9080428833760416e-06,2.3944067556091505e-06,0.005956124217183318,0.04572048615885115,0.008204696636333648,0.0006471632509144857,0.007129645415670696,0.029978945307971027,9.802102655774959e-06
paracentral lobule,0.0,0.0019381480322192273,0.0002823144053386031,0.001249058032091669,1.4104988210682896e-06,0.0,0.0,0.0,0.0,0.003079762849766912,0.0,0.0,0.0,2.7596716064379583e-05,3.1153626134899616e-05,7.665754462327661e-07,0.0,0.0,0.009001742150022127,8.953601211998709e-06,0.00014009932855350035,0.001018962746150442,0.0,0.00027001853518102955,2.453041427944852e-07,0.09626304895387595,0.0,0.0,0.0,0.0,0.1631641732318232,1.226520713972426e-06,0.0,8.156362747916631e-06,0.0,0.05984725033680259,0.046223855484460966,0.2105811574038187,0.053985615855674816,5.779978864595057e-05,0.0001347946264655696,0.0,0.00023435744542228126,5.0839283594157054e-05,0.022461672454209075,0.060839965539674024,7.543102390930419e-06,0.0022366525109822665,1.1651946782738046e-05,0.001077989055510365,0.0
parahippocampal gyrus,0.0008459166645582918,5.362605643331173e-06,0.0019519884541725472,0.0,4.96384778780142e-05,0.0,4.180082347622248e-05,0.0,0.06665842567098572,0.0,0.0002063915659138485,0.0,0.0,0.003786549595027022,0.017849089127055802,0.0,0.25307634810405766,0.02310843023607565,0.0004346460625274318,0.0017252464873558008,0.0,0.0,0.031393380949604706,0.011143769532259786,0.00037276984356591824,0.0,0.0005577109869064421,0.004715930403828956,0.016356084714868883,0.05160724166266076,0.0,0.29265320276809453,0.0,0.0065055281589047305,0.0,0.0,0.0,0.0,0.03499993949880813,0.0,0.0,0.025817783610337125,0.0,0.0,0.029329052782339812,0.0059464421449102545,0.006203159702246134,0.0,0.008098084532265286,0.0008151160577863384,0.0
parolfactory gyri,0.0005766687043749078,0.0,0.0007788028150380141,0.0,0.0,0.0,0.0,0.0,0.0015540594176082542,0.0,0.0,0.0,0.0,0.07624902376862545,0.09399618045638664,0.0,0.23549769591664546,0.0,0.0030415591550521388,0.04333198850045132,0.0008909176861345547,0.0,0.33036488071223225,0.1920448634067154,0.02081408490123662,0.0,0.0005725769207582457,0.23228019006607684,0.23762787846747974,0.1333926914743324,0.0,0.0014956833046772086,0.004904684628505601,0.022897621118840944,0.0007127887060225327,0.0,0.0,2.073170365775449e-05,0.0,0.0016252564525381743,0.0,1.6367134466648281e-06,0.0,0.0,0.18648249275822495,0.0,0.04014694413324157,0.0017324611832947206,0.02926225414177157,0.0,0.0
planum polare,0.0008056827050364287,0.006005679525325231,0.000229593852683045,0.0,0.0,0.0,0.0,0.0,0.0059070149572679545,0.0,0.0011728692077235185,0.0,0.0004434060505228053,0.013076328499704708,0.14903446666657313,0.0,0.05634962607999125,9.468992905970796e-06,0.0057876588861939275,0.04498601628479738,2.3614031691433343e-05,0.0,0.056953888108768565,0.03877049920062996,0.03530812102916029,2.7004164954064864e-05,0.00019616012464467896,0.10513726766481542,0.022968971162357455,0.03709331844480325,0.0,0.00469381485383382,0.0014553023788448202,0.17185567477913866,0.02001055383555001,1.6833765166170306e-05,9.00138831802162e-06,0.0093116439621259,0.029976610418510782,0.0005446424438138017,0.0,0.0,0.0,0.0,0.06136620500065698,0.027015504365322632,0.28107805302542505,0.04630980487328149,0.18647954066266118,0.002334282103042282,0.012260124691439422
planum temporale,0.0,0.0,0.0,0.0,0.0,0.0,0.0,0.0,0.006149281035395458,0.0,0.0,0.0,0.001296404996921038,0.00039684397405749555,0.04945064838255471,0.0,0.0018520585831013608,0.0,0.00038243947409170626,0.09108109373368241,0.0,0.0,0.0,0.0013036072469039329,0.05230742083826988,0.0,0.0,0.0,0.0,0.0016957697584725469,0.0,0.0,0.0,0.08916385478823584,0.1431252723350775,0.0,0.0003014141617841414,0.03591473976470249,0.05978443665801196,0.0,0.0,0.0,0.0,0.0,0.0023392907944441844,0.051818748176930475,0.1943599180383952,0.23264455815996918,0.11429070441605958,0.0,0.0008116935730722277
pontine tegmentum,8.234664214273868e-08,0.0007353966876557277,2.0071994022292552e-05,0.09633109888464766,0.0,0.0,0.0,0.0,0.003675748238646498,0.03044522111967388,0.00010318034260485156,0.0,1.8939727692829897e-06,0.0017017139465402306,0.0010850405301937962,7.822931003560174e-07,0.0005368589334495849,0.00012286119007696612,0.005163402088936679,0.0003596283728978755,0.0,0.009871756633392584,0.001149888510881203,0.0034245498067900734,4.994323845957101e-05,0.17436164471277737,0.0,0.00970623988268568,0.00033994752542576095,0.004753171704442091,0.03509397728187898,4.782281242439549e-05,0.0,0.00022416814657307037,0.0,0.1066299052041925,0.011851411083825094,0.05722404034458446,0.0285206771594954,7.122984545346896e-06,0.0013306188037239786,0.0,0.000373174395530356,5.620158326241915e-05,0.057869555672341394,0.045174338546479655,0.00022651502587413844,0.00016069947214155455,0.0003186815050923987,0.007757877156267411,0.0
postcentral gyrus,0.0,0.009902812399990924,0.00024386942878544616,0.0,0.0,0.0,0.0,0.0,0.0,0.0,0.0,0.0,0.006007962170250691,0.00046750896025785104,0.023635580692459073,0.0,0.0,0.0,0.09875545671730171,0.03130168044600339,9.916616329922175e-06,0.0,0.0,0.03681952377076401,0.02065297983214104,0.046437848281482126,0.0,1.0313280983119063e-05,0.0,0.0,0.016897279562742274,0.0,0.0,0.0,0.0,0.02894826905858626,0.1897763493619173,0.0627555214529731,0.003462723756547545,7.774627202658986e-06,0.0,0.0,0.0,0.0,0.012515721803529459,0.004149746935884553,0.0010576666312841795,0.023968223670629982,0.001655995594166364,0.00011979272526545988,0.001297569413537657
precentral gyrus,0.0,0.0031736875188534486,2.7720618015800088e-05,0.0007908898020606822,3.918108553469977e-08,0.0,0.0,0.0,0.0002870014515416758,0.0016029569808528696,0.0,0.0,0.013691889111729137,0.022919171888950304,0.05565514516807687,4.897635691837471e-07,0.0,0.0,0.01926908155108044,0.09269239842666001,0.00010298748332795834,0.0005297870480574429,3.1344868427759814e-07,0.07541698764138446,0.08249646126230722,0.06866453895087707,0.0,0.0,0.0,0.0014364765484159302,0.10076350614138048,7.836217106939954e-07,0.0,0.0007636001759857637,0.0002714465605844,0.04271326039565295,0.03445471036773447,0.2108343616082723,0.00018352420464453373,3.692817311645453e-05,8.612002600527009e-05,0.0,0.00014973051837085516,3.2481119908266106e-05,0.042502642470361174,0.00036587297672302646,0.0015010861584626501,0.008674026258928439,0.0013266127845766322,0.000641551094545174,6.788123068886735e-05
precuneus,0.0,0.0013848413133982947,0.001510887082071274,1.038838752799281e-06,6.890963726901897e-06,0.00012150950611908922,0.00025242050295101195,3.635935634797483e-06,0.047999198293506504,0.0,6.92559168532854e-08,0.0,0.0,0.00031755569275152684,0.002473544326331941,0.0,0.05012836757328549,0.00017528672555566533,0.0244643063488388,0.0014569194088633515,0.00010772757866528543,0.0,0.00285569847552837,0.00167580273407816,0.0007954388330184093,0.0,0.00037747937480883204,0.23014438923709032,0.00034717991118551965,0.03965077842438564,0.0006857028327643787,0.0024486814521816115,0.0,0.0036388616972845345,0.0006871572070182977,0.0,0.0007081417498248431,0.0003329997622098095,0.11015969063935989,0.0,0.0,0.0067159713389928575,0.0,0.0,0.005193068355347538,0.1386835710663877,0.010427101585513795,0.0009671588788561305,0.0024697352509050106,0.0006861356822447117,0.004228368061539699
putamen,0.0006030918978811138,0.0044030171170358475,0.0005951229246004436,0.0,0.0,0.0,0.0,0.0,0.028007115974380707,0.0,0.0,0.0,7.650214349443303e-06,0.03913052763847127,0.08314252954974982,0.0,0.12039269825291417,0.0,0.07887275366596677,0.03892174053851771,0.0013805449311432895,0.0,0.16623915781340298,0.09926184994295809,0.01794644658700031,0.0,0.00023938795735133005,0.15229504836688643,0.11388842226123123,0.24149144753849572,0.0040335755157439816,0.0013368749575652173,0.0010853741608272687,0.00858322174114416,0.0,0.0,0.0022829514654463725,0.0059840614159207975,0.02302332008464962,0.0014803164766172792,0.0,0.0,0.0,0.0,0.10087349509924082,0.02124719531985387,0.0231383920588225,0.0007959410512733304,0.013865375990503534,0.001430271324414671,0.0
red nucleus,0.0,0.0,0.0,0.007618830413316204,0.0,0.0,0.0,0.0,0.0,0.1479899009516411,0.000408024360301546,0.0,0.0,0.0,0.0,0.0,0.0,0.0,0.0,0.0,0.0,0.04813083862369285,0.0,0.0,0.0,0.1646458473276186,0.0,0.0,0.0,0.0,0.0028187534410351344,0.0,0.0,0.0,0.0,0.11278755472248107,0.0009728441079678783,0.0063609037828668965,0.0,0.0,0.09401843414860996,0.0,0.010305733187703678,0.00038307963958442094,0.020080500177285694,0.0,0.0,0.0,0.0,0.016668418736336083,0.0
subcallosal cingulate gyrus,0.0,0.0,0.01924371369424651,0.0,0.0,0.0,0.0491580772837571,0.0,0.06131014735952011,0.0,0.0,0.0,0.0,0.0006767992638783794,0.0,0.0,0.4271545630076763,0.0,0.0,0.0,0.0,0.0,0.0,0.0014134125062835404,0.0,0.0,0.006692200953664241,0.0,0.0,0.10199594330126457,0.0,0.0,0.0,0.0,0.0,0.0,0.0,0.0,0.2700756810702278,0.0,0.0,0.06426315528569164,0.0,0.0,0.001193411777044624,0.2298061248694642,0.0,0.0,0.0,0.0,0.0
substantia nigra,0.0,0.0,0.0,0.008638781109752964,0.0,0.0,0.0,0.0,0.0,0.026285871795288452,0.0,0.0,0.0,0.013657507295779853,0.0,1.7453298884132362e-05,0.0063511952801465115,0.0016406100951084422,0.04380597468549456,0.0,0.0,0.008737482524132196,0.0,0.02906877021046873,0.0,0.42308541825025264,0.0,0.0,0.0,0.0690952029307098,0.012278696683933396,6.981319553652945e-05,0.0,0.0,0.0,0.2968132081751252,0.001834401896511567,0.01714275053157332,0.0,0.0,0.004920626609540214,0.0,0.009350755336647053,0.0017688015662229316,0.07623661136378272,0.0,0.0,0.0,0.0,1.2036757851125769e-05,0.0
subthalamic nucleus,0.0,0.0,0.0,0.0,0.0,0.0,0.0,0.0,0.0,0.0,0.0,0.0,0.0,0.0,0.0,0.0,0.0,0.0,0.0,0.0,0.0,0.0,0.0,0.0,0.0,0.0,0.0,0.0,0.0,0.0,0.0,0.0,0.0,0.0,0.0,0.0,0.0,0.0,0.0,0.0,0.006978178733903924,0.0,0.020009252833680314,0.020973089675379752,0.32076490091757265,0.0,0.0,0.0,0.0,0.02251522862209885,0.0
superior frontal gyrus,9.06942025042281e-05,0.000260556520606276,9.271884017658475e-05,0.0,1.114347821241966e-05,0.0,1.0776811547347197e-05,0.0,0.001519897094841027,0.0,6.509130406482042e-05,0.0,0.0008481956484861059,0.008926531845246962,0.028592921614813385,5.452173889338374e-06,0.02932537813336792,0.0004397768096821298,0.002481855061673094,0.009063920250446724,0.0002291028975546251,0.0,0.024347065111534498,0.020638997011714507,0.0014064217330155577,0.0,2.729275350452426e-05,0.024307959314603077,0.013621698491499861,0.006559602870030712,0.004331050705807026,0.006124927509601764,4.8942028772715815e-06,0.009468226045790321,6.563333304797101e-05,0.0,0.0026957811476995023,0.017251985432237743,0.006078233306906232,5.225797078728418e-05,1.822173905120983e-05,6.424637653226213e-06,3.480144912405167e-05,3.9663767943490865e-05,0.2811698350094065,0.005962414466830082,0.010066657927246415,0.00021359130341916824,0.012423288351782804,0.007878375328065035,0.0
superior parietal lobule,0.0,0.004822823688647021,0.003470044809649091,2.4026621496618255e-06,1.5937658926090107e-05,0.00024951646424238057,4.737248871749899e-05,0.0,0.023414583358361066,0.0,1.6017747664412168e-07,0.0,0.0,0.0007238820613239469,0.0014035551390941163,0.0,0.09344397592532526,0.00010407531544951806,0.037009366377946766,0.0004226282721255151,0.0002491560649199313,0.0,1.3214641823140039e-06,0.00344357548163365,0.0007112280406690613,0.0,0.0008660796162147659,1.5657348341962896e-05,0.0,0.03143286761731999,0.0017903036564513482,0.0017273939524993693,0.0,0.0071299800178597885,0.001525450198820293,0.0,0.00216111451488249,0.0006367455140295447,0.23977222762821207,0.0,0.0,0.0131649467610112,0.0,0.0,0.011675856849389123,0.3412379316282441,0.021078635127721516,0.0055843074126131756,0.004690396959831493,0.0010774738410158455,0.008698517957897351
superior temporal gyrus,0.0,0.003716462231163806,0.0004093306303554542,0.0,0.0,0.0,0.0,0.0,0.007731872987954056,0.0,0.00019961185060543755,0.0,0.0005646885697778418,0.010974825588694332,0.10632864860322601,0.0,0.03972651227273577,0.0012374490890516474,0.01543754015248324,0.04022413414840423,0.00011074306648417403,0.0,0.12924329493686887,0.02973465773570279,0.019817955436094863,0.0,0.000124098651425225,0.15010710096237456,0.0820900667439943,0.047513973370985015,0.0,0.004809815387554169,0.0009291155577909516,0.13756035912229406,0.02560987556709799,0.0,0.0018997417174257103,0.014367793894880573,0.051462461818367944,0.0003569911758567409,0.0,0.0,0.0,0.0,0.06171752966726617,0.04566426095282497,0.2242952817317328,0.040239872080929356,0.15745094006352783,0.002086936483653522,0.019638268674374453
supramarginal gyrus,0.0,0.04769465694432239,0.0,0.0,0.0,0.0,0.0,0.0,0.0015566652159217428,0.0,0.0,0.0,0.005159008524207818,0.017038531834482756,0.12125260181005362,0.0,0.001615497371412911,0.0,0.013198439381263229,0.2223535430640284,6.481622616398412e-05,0.0,1.0757879861242176e-06,0.13243084582687384,0.18075786439678987,0.0,0.0,0.0026136269122887866,0.0,0.020242430167408076,0.010837151988469705,0.0,0.0,0.021359434280750676,0.02402987624605665,0.0,0.034320460700826116,0.026894296232610644,0.012637953840492511,2.0036551241563554e-05,0.0,0.0,0.0,0.0,0.002462545936987467,0.019122669347351032,0.03946124806601896,0.10871402388477934,0.028955102593529847,0.0,0.001138250926068555
temporal pole,0.00034097348059753443,0.004486033366303713,0.0005564952783515999,0.0,0.0,0.0,0.0,0.0,0.0014710869689423217,0.0,3.4507948971567024e-05,0.0,0.00027510261091510013,0.013549305918471432,0.28161980836643913,0.0,0.026128807427997634,0.0034457279071811306,0.020336276905061557,0.08421258713693924,5.241713767832965e-07,0.0,0.038434778840739085,0.026764365222347382,0.021401480504581346,0.0,0.00014414712861540656,0.0527232537623711,0.019517521214526046,0.024009320465974374,1.7996550602893183e-05,0.013224756474346441,0.0010452850872020238,0.18272011397582416,0.012161038027060872,0.0,1.1269684600840876e-05,0.003906998718750432,0.010928711120243342,0.00039950595100500254,0.0,0.0,0.0,0.0,0.09547834045245425,0.010156082510864762,0.23636835549442553,0.02689462180947803,0.24401322030101763,0.004138682467288648,0.0
thalamus,3.178937293978372e-05,1.1302888156367546e-05,2.811593428896427e-05,0.0013138194620757725,0.0,0.0,0.0,0.0,0.005442340647290973,0.04421195345414143,0.0015326716340034391,0.0,0.0,0.007454254739124397,0.08249427049535049,8.477166117275659e-07,0.014682310429019487,0.00014001452703700298,0.04551588288908038,0.023883426532710486,0.0,0.014665214810682982,0.0017820416039532982,0.017687324531491754,0.0006664465429198214,0.04010081045946664,0.0,0.01112373737908912,0.0004545173899879299,0.041433420973102375,0.02270015542884076,0.003959119148971642,0.0,0.022659041173171975,0.0,0.02834750221006785,0.005725619281709935,0.03309683452727154,0.02786373859697532,0.0,0.00016276158945169265,0.0,0.00020458227563025256,0.00017929206338038019,0.0924769813150543,0.04345296451444135,0.02125211416990812,0.0,0.03142923466590146,0.26094511642469304,0.0
transverse gyri,0.0,1.2363970565507407e-05,0.0,0.0,0.0,0.0,0.0,0.0,0.044675146976700095,0.0,0.0,0.0,0.0002725225178813924,0.0,0.0,0.0,0.0,0.0,0.0027468621273035623,0.0,0.00018236856584123425,0.0,0.03136069617396931,0.0,0.004097110746145017,0.0,0.0,0.17555035123979715,0.0,0.007553870850084796,0.0,0.0,0.0,0.12060847220476384,0.0066770592708142295,0.0,0.013347936556345705,0.017397136916549382,0.22623078175325223,0.0,0.0,0.0,0.0,0.0,0.0,0.2026434169069055,0.33446446491826387,0.004746219200834156,0.034503720524809336,0.0,0.14010748411744947
